"id","title","party","author","timestamp","term","count"
"1","KVG. Wiederherstellung des Tariffriedens","BDP","Lorenz Hess","2015-03-30T14:06:49.000Z","KVG","1"
"2","KVG. Wiederherstellung des Tariffriedens","SVP","Verena Herzog","2015-03-30T14:07:24.000Z","KVG","1"
"3","Reform der Prämienverbilligung","GPS","Yvonne Gilli","2015-03-30T14:09:34.000Z","KVG","1"
"4","Qualität und Transparenz in der Gesundheitsversorgung durchsetzen","CVP","Ruth Humbel","2015-03-30T14:09:55.000Z","KVG","1"
"5","Asyl. Kein Anspruch auf Aufenthalt in der Schweiz","SVP","Luzi Stamm","2015-03-30T14:10:17.000Z","Asyl","1"
"6","Sollen Jugendliche für die Schulden der Eltern aufkommen?","SP","Bea Heim","2015-03-30T14:16:29.000Z","KVG","1"
"7","Einführung von Teilpauschalen im Bereich der Psychiatrie. Folgen für die Behandlung von psychischen Erkrankungen","SP","Marina Carobbio Guscetti","2015-03-30T14:17:26.000Z","KVG","1"
"8","Fördert das Bundesamt für Sozialversicherungen den Einkauf im Ausland?","SVP","Markus Hausammann","2015-06-04T15:01:18.000Z","KVG","1"
"9","Medikamentenpreise senken","SP","Bea Heim","2015-03-27T09:42:43.000Z","KVG","1"
"10","Verkaufte Patienten","SP","Bea Heim","2015-03-27T09:42:57.000Z","KVG","1"
"11","Negativzins trifft Pensionskassen hart. Warum ist die Publica nicht betroffen?","FDP-Liberale","Daniel Stolz","2015-03-27T09:49:41.000Z","EO","1"
"12","Negativzins trifft Pensionskassen hart. Warum ist die Publica nicht betroffen?","FDP-Liberale","Daniel Stolz","2015-03-27T09:49:41.000Z","AHV/IV/EO","1"
"13","Wirkung und Folgen der Negativzinsen der Schweizerischen Nationalbank","FDP-Liberale","Felix Gutzwiller","2015-03-27T09:53:00.000Z","EO","1"
"14","Wirkung und Folgen der Negativzinsen der Schweizerischen Nationalbank","FDP-Liberale","Felix Gutzwiller","2015-03-27T09:53:00.000Z","AHV/IV/EO","1"
"15","Abbau von Regulierungskosten. Effizienzsteigerung durch Koordination von Arbeitgeberkontrollen","SVP","Thomas de Courten","2015-03-27T14:50:11.000Z","KVG","1"
"16","KVG. Anpassung der ordentlichen Franchise","BDP","Martin Landolt","2015-03-27T14:52:29.000Z","KVG","1"
"17","Negativzinsen und Einrichtungen der beruflichen Vorsorge","SP","Didier Berberat","2015-03-17T14:07:07.000Z","EO","1"
"18","Negativzinsen und Einrichtungen der beruflichen Vorsorge","SP","Didier Berberat","2015-03-17T14:07:07.000Z","AHV/IV/EO","1"
"19","Negativzinsen für Sozialversicherungen vermeiden. Keine Ungleichbehandlung bei den Kantonen","SVP","Alex Kuprecht","2015-03-27T14:58:17.000Z","EO","1"
"20","Negativzinsen für Sozialversicherungen vermeiden. Keine Ungleichbehandlung bei den Kantonen","SVP","Alex Kuprecht","2015-03-27T14:58:17.000Z","AHV/IV/EO","1"
"21","Negativzinsen für Sozialversicherungen vermeiden. Keine Ungleichbehandlung bei den Kantonen","SVP","Alex Kuprecht","2015-03-27T14:58:17.000Z","KVG","1"
"22","Medikamente. Dringende Änderungen am Preisfestsetzungssystem","SVP","Roland Eberle","2015-03-27T14:58:28.000Z","KVG","1"
"23","Negativzinsen für Vorsorgeeinrichtungen","SP","Jacques-André Maire","2015-03-27T14:59:53.000Z","EO","1"
"24","Negativzinsen für Vorsorgeeinrichtungen","SP","Jacques-André Maire","2015-03-27T14:59:53.000Z","AHV/IV/EO","1"
"25","Selbstbehalt in der Krankenversicherung als Teil der Kostenbeteiligung. Wie weiter?","FDP-Liberale","Daniel Stolz","2015-03-27T15:00:37.000Z","KVG","1"
"26","Finanzierung beruflicher Weiterbildung mit Mitteln der Erwerbsersatzordnung","SP","Daniel Jositsch","2015-03-27T15:03:00.000Z","EO","1"
"27","Revision der Tarifstruktur Tarmed","glp","Thomas Weibel","2015-03-27T15:03:08.000Z","KVG","1"
"28","60 Prozent der neuen Arzneimittel ohne Zusatznutzen, aber zu höheren Preisen?","SP","Bea Heim","2015-03-27T15:04:44.000Z","KVG","1"
"29","Zweifel an der Wirksamkeit und der Opportunität von Massnahmen nach den Artikeln 19 und 20 KVG","SVP","Alex Kuprecht","2015-03-27T15:10:28.000Z","KVG","1"
"30","Burnoutsyndrom und UVG","SP","Didier Berberat","2015-03-27T15:11:02.000Z","KVG","1"
"31","Kostenvergleich von Substitutionsbehandlungen und abstinenzorientierten Therapien","SVP","Andrea Martina Geissbühler","2015-03-27T15:12:59.000Z","KVG","1"
"32","Wie lassen sich die Rahmenbedingungen für Pharma-KMU verbessern?","FDP-Liberale","Daniel Stolz","2015-03-27T16:09:33.000Z","KVG","1"
"33","Aufenthaltsrechtliche Privilegierung von Staatenlosen?","CVP","Gerhard Pfister","2015-03-27T16:10:23.000Z","Asyl","1"
"34","Neue Auswanderungswelle aus Kosovo. Was tun?","SP","Martin Naef","2015-03-27T16:14:20.000Z","Asyl","1"
"35","Qualität der Brustkrebsuntersuchungen","SP","Bea Heim","2015-03-27T16:19:09.000Z","KVG","1"
"36","AHV-Fonds. Unterdurchschnittliche Performance und mangelhafte Transparenz","SVP","Thomas Aeschi","2015-03-27T16:20:12.000Z","EO","1"
"37","AHV-Fonds. Unterdurchschnittliche Performance und mangelhafte Transparenz","SVP","Thomas Aeschi","2015-03-27T16:20:12.000Z","AHV/IV/EO","1"
"38","Asylgesetz. Gewährung vorübergehenden Schutzes speziell für Menschen aus Syrien?","FDP-Liberale","Isabelle Moret","2015-03-27T16:23:40.000Z","Asyl","1"
"39","Arbeitsmarktintegration von Flüchtlingen und vorläufig Aufgenommenen","SP","Silvia Schenker","2015-03-27T16:28:40.000Z","Asyl","1"
"40","Nutzen des Freizügigkeitsabkommens. Datenerfassung der erwerbstätigen Schweizerinnen und Schweizer im EU-/Efta-Raum","CVP","Kathy Riklin","2015-03-27T16:30:07.000Z","KVG","1"
"41","Schutz syrischer Flüchtlinge. Individuelle Einreise fördern","CVP","Dominique de Buman","2015-03-27T16:39:13.000Z","Asyl","1"
"42","IV-Leistungen für Menschen mit Behinderung, die das AHV-Alter erreicht haben","GPS","Luc Recordon","2015-03-27T16:40:31.000Z","KVG","1"
"43","Faires Verfahren beim Zugang zu geschlossenen Märkten des Bundes","FDP-Liberale","Andrea Caroni","2015-05-05T14:09:13.000Z","KVG","1"
"44","Veränderung der Staatsbeiträge für Privatspitäler im Vergleich zu öffentlich-rechtlichen Spitälern","SP","Martina Munz","2015-05-06T14:10:18.000Z","KVG","1"
"45","Neue Spitalfinanzierung. Unzureichende Datenlieferung von Spitälern","FDP-Liberale","Bruno Pezzatti","2015-05-06T14:33:40.000Z","KVG","1"
"46","Frankenstärke. Entlastung von Arbeitnehmern und Arbeitgebern durch tiefere EO-Beiträge","FDP-Liberale","Ruedi Noser","2015-05-06T14:35:09.000Z","EO","1"
"47","Unternehmen und Arbeitnehmende entlasten. Senkung der EO-Sätze statt Verlängerung","FDP-Liberale","Karin Keller-Sutter","2015-06-04T15:08:53.000Z","EO","1"
"48","Zivildienst. Familienverträglichkeit?","SP","Yvonne Feri","2015-06-04T17:07:28.000Z","EO","1"
"49","Zuordnung der Ausgleichsfonds AHV/IV/EO an die Departemente","FDP-Liberale","Olivier Feller","2015-03-31T14:15:55.000Z","EO","1"
"50","Zuordnung der Ausgleichsfonds AHV/IV/EO an die Departemente","FDP-Liberale","Olivier Feller","2015-03-31T14:15:55.000Z","AHV/IV/EO","1"
"51","Zusammenfassung der Vernehmlassungsverfahren zu den Ausgleichsfonds AHV/IV/EO","FDP-Liberale","Olivier Feller","2015-03-31T14:16:11.000Z","EO","1"
"52","Zusammenfassung der Vernehmlassungsverfahren zu den Ausgleichsfonds AHV/IV/EO","FDP-Liberale","Olivier Feller","2015-03-31T14:16:11.000Z","AHV/IV/EO","1"
"53","Aufnahme von 3000 Syrern","SVP","Nadja Pieren","2015-04-01T11:32:47.000Z","Asyl","1"
"54","Zwei Wochen über die EO bezahlten Vaterschaftsurlaub","CVP","Martin Candinas","2014-03-27T08:55:11.000Z","EO","1"
"55","Milizdienst am Vaterland","SVP","Toni Brunner","2014-12-18T17:05:56.000Z","EO","1"
"56","Rechtshilfe an Russland","SP","Andreas Gross","2014-04-01T10:55:34.000Z","Asyl","1"
"57","Vergabe von Vermögensverwaltungsmandaten durch AHV/IV/EO-Fonds an Externe. Unterstellung unter das Bundesgesetz über das öffentliche Beschaffungswesen","FDP-Liberale","Olivier Feller","2014-12-17T17:05:26.000Z","EO","1"
"58","Vergabe von Vermögensverwaltungsmandaten durch AHV/IV/EO-Fonds an Externe. Unterstellung unter das Bundesgesetz über das öffentliche Beschaffungswesen","FDP-Liberale","Olivier Feller","2014-12-17T17:05:26.000Z","AHV/IV/EO","1"
"59","Asylanten-Ringelreihen","SVP","Oskar Freysinger","2014-12-17T17:06:13.000Z","Asyl","1"
"60","Vergleichbares Jahreseinkommen für Nationalratsmandate","SP","Jacqueline Badran","2014-12-18T17:04:58.000Z","EO","1"
"61","Verhältnis zwischen der Zentralen Ausgleichsstelle und den Ausgleichsfonds AHV/IV/EO","FDP-Liberale","Olivier Feller","2014-03-11T15:16:40.000Z","EO","1"
"62","Verhältnis zwischen der Zentralen Ausgleichsstelle und den Ausgleichsfonds AHV/IV/EO","FDP-Liberale","Olivier Feller","2014-03-11T15:16:40.000Z","AHV/IV/EO","1"
"63","Verhältnis zwischen der Zentralen Ausgleichsstelle und den Ausgleichsfonds AHV/IV/EO","FDP-Liberale","Olivier Feller","2014-03-18T11:40:31.000Z","EO","1"
"64","Verhältnis zwischen der Zentralen Ausgleichsstelle und den Ausgleichsfonds AHV/IV/EO","FDP-Liberale","Olivier Feller","2014-03-18T11:40:31.000Z","AHV/IV/EO","1"
"65","Schutz der Anlagen der öffentlichen Hand sowie des Klimas","SP","Barbara Gysi","2014-03-20T18:14:37.000Z","EO","1"
"66","Massnahmenkatalog für Kinder und Jugendliche, die länger als sechs Monate in den Nothilfestrukturen leben","CVP","Barbara Schmid-Federer","2014-03-24T10:12:36.000Z","Asyl","1"
"67","Female Genital Mutilation. Präventionsmassnahmen des Bundes","SP","Yvonne Feri","2014-03-25T09:07:30.000Z","Asyl","1"
"68","Asylsuchende. Ausdehnung des 48-Stunden-Verfahrens auf alle Safe Countries","CVP","Marco Romano","2014-03-31T08:41:53.000Z","Asyl","1"
"69","Sind (fast) alle Tamilen Terroristen?","SP","Andy Tschümperlin","2014-05-13T12:16:15.000Z","Asyl","1"
"70","Besserer Schutz für syrische Flüchtlinge","CVP","Barbara Schmid-Federer","2014-05-13T16:24:07.000Z","Asyl","1"
"71","Migrationsabkommen zwischen der Schweiz und Nigeria. Schutz von Menschen, welche wegen ihrer sexuellen Orientierung in Nigeria verfolgt werden","GPS","Aline Trede","2014-05-19T08:58:09.000Z","Asyl","1"
"72","Was tut der Bundesrat gegen die Diskriminierung und die Verfolgung von LGBTI-Menschen?","GPS","Aline Trede","2014-05-19T09:00:23.000Z","Asyl","1"
"73","Asyl und Unterdrückung Homosexueller","SP","Mathias Reynard","2014-05-19T09:13:35.000Z","Asyl","1"
"74","Ausgleichsfonds AHV/IV/EO. Unterstellung unter das Gesetz über das öffentliche Beschaffungswesen","FDP-Liberale","Olivier Feller","2014-07-03T09:58:51.000Z","EO","1"
"75","Ausgleichsfonds AHV/IV/EO. Unterstellung unter das Gesetz über das öffentliche Beschaffungswesen","FDP-Liberale","Olivier Feller","2014-07-03T09:58:51.000Z","AHV/IV/EO","1"
"76","Rechtsform der Ausgleichsfonds AHV/IV/EO","FDP-Liberale","Olivier Feller","2014-07-11T11:13:23.000Z","EO","1"
"77","Rechtsform der Ausgleichsfonds AHV/IV/EO","FDP-Liberale","Olivier Feller","2014-07-11T11:13:23.000Z","AHV/IV/EO","1"
"78","Organisation der Ausgleichsfonds AHV/IV/EO","FDP-Liberale","Olivier Feller","2014-06-04T08:32:16.000Z","EO","1"
"79","Organisation der Ausgleichsfonds AHV/IV/EO","FDP-Liberale","Olivier Feller","2014-06-04T08:32:16.000Z","AHV/IV/EO","1"
"80","Respektierung des Kindeswohls bei humanitären Visa","CVP","Barbara Schmid-Federer","2014-06-13T16:40:29.000Z","Asyl","1"
"81","Heikle Lage der vorläufig aufgenommenen sri-lankischen Staatsangehörigen in der Schweiz","SP","Manuel Tornare","2014-06-26T09:30:38.000Z","Asyl","1"
"82","Verfolgung aufgrund politischer Betätigung im Ausland als neuen, prüfenswerten Asylgrund anerkennen","SP","Claudia Friedl","2014-07-15T16:18:08.000Z","Asyl","1"
"83","Hält der Bundesrat ein Konzept für den Fall einer grossen Flüchtlingswelle bereit?","-","Thomas Minder","2014-09-09T10:04:42.000Z","Asyl","1"
"84","Die Wiege des Christentums darf nicht zu seiner Bahre werden","CVP","Stefan Engler","2014-10-02T08:37:48.000Z","Asyl","1"
"85","Wie hoch ist die Sozialhilfeabhängigkeit von Flüchtlingen und vorläufig aufgenommenen Asylbewerbern?","SVP","Peter Keller","2014-09-25T10:07:19.000Z","Asyl","1"
"86","Rückführungspraxis nach Sri Lanka","SVP","Heinz Brand","2014-09-29T15:57:46.000Z","Asyl","1"
"87","Mutmassliche Veruntreuung von Staatsgeldern der Republik Kasachstan. Was tut die Schweiz?","SVP","Christian Miesch","2014-09-29T14:15:54.000Z","Asyl","1"
"88","Integration von Dublin III ins schweizerische Recht. Welche Tragweite und welche Auswirkungen für die vorläufig Aufgenommenen hat der Begriff "internationaler Schutz"?","SP","Cesla Amarelle","2014-10-16T14:43:00.000Z","Asyl","1"
"89","Keine IV-Rente als Taschengeld für Gutverdienende!","glp","Margrit Kessler","2014-11-27T16:44:43.000Z","EO","1"
"90","Keine IV-Rente als Taschengeld für Gutverdienende!","glp","Margrit Kessler","2014-11-27T16:44:43.000Z","AHV/IV/EO","1"
"91","Entzieht die Revision des Asylgesetzes der Wirtschaft Fachkräfte?","FDP-Liberale","Daniela Schneeberger","2014-12-17T16:30:43.000Z","Asyl","1"
"92","Kündigung der EMRK und sofortiger Wiederbeitritt mit Vorbehalt","SVP","Luzi Stamm","2014-12-18T16:37:51.000Z","Asyl","1"
"93","Geltende Fallkostenpauschale für Asylbewerber inklusive Kesb. Massnahmen bei der Festlegung von allfälligen Berechnungspauschalen","SVP","Ernst Schibli","2014-12-18T16:40:58.000Z","Asyl","1"
"94","Ziele der verschärften Asylgesetzgebung umsetzen","SVP","Nadja Pieren","2014-12-18T16:50:24.000Z","Asyl","1"
"95","Wie sieht es mit der Vertragstreue Italiens aus?","SVP","Peter Keller","2014-03-10T15:05:20.000Z","Asyl","1"
"96","Steht der Präsident des Verwaltungsrates der Ausgleichsfonds AHV/IV/EO über den Entscheiden der politischen Behörden?","FDP-Liberale","Olivier Feller","2014-12-02T16:05:41.000Z","EO","1"
"97","Steht der Präsident des Verwaltungsrates der Ausgleichsfonds AHV/IV/EO über den Entscheiden der politischen Behörden?","FDP-Liberale","Olivier Feller","2014-12-02T16:05:41.000Z","AHV/IV/EO","1"
"98","Kanton Genf. Gesamtsumme der AHV-, IV- und Krankenversicherungsbeiträge sowie Gesamtsumme der von diesen Versicherungen von 2010 bis 2013 ausbezahlten Leistungen","MCR","Roger Golay","2014-12-02T16:06:47.000Z","IV","1"
"99","Bis 2017 die Ausbildung von neuen italienischsprachigen Grenzwächterinnen und Grenzwächtern garantieren","CVP","Marco Romano","2014-12-02T17:30:26.000Z","IV","1"
"100","Erhöhung des versicherten Verdienstes. Auswirkungen","FDP-Liberale","Bruno Pezzatti","2014-12-18T15:24:59.000Z","IV","1"
"101","Pflegende Angehörige sollen in jedem Fall von anerkannter Hilflosigkeit ein Anrecht auf Betreuungsgutschriften haben","CVP","Christine Bulliard-Marbach","2015-03-30T14:10:46.000Z","IV","1"
"102","Transparenz über die Mandate von Lobbyisten im Bundeshaus","FDP-Liberale","Andrea Caroni","2015-06-04T17:06:16.000Z","IV","1"
"103","Fördert das Bundesamt für Sozialversicherungen den Einkauf im Ausland?","SVP","Markus Hausammann","2015-06-04T15:01:18.000Z","IV","1"
"104","Anpassung der Steuersätze für Casinos","SVP","Pierre Rusconi","2015-03-27T09:40:30.000Z","IV","1"
"105","Social Impact Investing. Folgerungen für die Schweiz aufgrund des OECD-Reports","SP","Eric Nussbaumer","2015-03-27T09:42:32.000Z","IV","1"
"106","Reduktion des Mehrwertsteuersatzes für das Gastgewerbe und die Hotellerie","SVP","Heinz Brand","2015-03-27T09:45:56.000Z","IV","1"
"107","Negativzins trifft Pensionskassen hart. Warum ist die Publica nicht betroffen?","FDP-Liberale","Daniel Stolz","2015-03-27T09:49:41.000Z","IV","1"
"108","Swissleaks. Beweisverwertung im Strafverfahren und im Amtshilfeverfahren","SP","Susanne Leutenegger Oberholzer","2015-03-27T09:50:31.000Z","IV","1"
"109","Wirkung und Folgen der Negativzinsen der Schweizerischen Nationalbank","FDP-Liberale","Felix Gutzwiller","2015-03-27T09:53:00.000Z","IV","1"
"110","IV-Rentnerinnen und -rentner näher an die Arbeitswelt bringen","EVP","Maja Ingold","2015-03-27T09:54:58.000Z","IV","1"
"111","Abbau von Regulierungskosten. Abschaffung des unterjährigen Melde-Obligatoriums bei AHV und IV","SVP","Thomas de Courten","2015-03-27T14:49:21.000Z","IV","1"
"112","Negativzinsen und Einrichtungen der beruflichen Vorsorge","SP","Didier Berberat","2015-03-17T14:07:07.000Z","IV","1"
"113","Negativzinsen für Sozialversicherungen vermeiden. Keine Ungleichbehandlung bei den Kantonen","SVP","Alex Kuprecht","2015-03-27T14:58:17.000Z","IV","1"
"114","Negativzinsen für Vorsorgeeinrichtungen","SP","Jacques-André Maire","2015-03-27T14:59:53.000Z","IV","1"
"115","Nationale Strategie zur Verbesserung der Beschäftigungschancen und der Reintegration erwerbsloser älterer Menschen in den Arbeitsmarkt","SP","Bea Heim","2015-03-27T15:05:09.000Z","IV","1"
"116","Verantwortlichkeitsprobleme im Zusammenhang mit Kompetenzverschiebungen zwischen Gesundheitsberufen","FDP-Liberale","Ignazio Cassis","2015-03-27T15:06:06.000Z","IV","1"
"117","Ungleichbehandlung von Heimbewohnerinnen und Heimbewohnern","CVP","Christian Lohr","2015-03-27T15:06:18.000Z","IV","1"
"118","Nationale Konferenz zur Arbeitsmarktintegration von Menschen mit Behinderung","SP","Pascale Bruderer Wyss","2015-03-27T15:07:34.000Z","IV","1"
"119","Casinò Admiral AG von Mendrisio. Aufgabe der Zahlung der nach Konzession vorgesehenen gemeinnützigen Beiträge","CVP","Marco Romano","2015-03-27T16:14:52.000Z","IV","1"
"120","Ausschöpfung der gemäss Landverkehrsabkommen zulässigen LSVA-Höchstbeträge","GPS","Regula Rytz","2015-03-27T16:19:51.000Z","IV","1"
"121","AHV-Fonds. Unterdurchschnittliche Performance und mangelhafte Transparenz","SVP","Thomas Aeschi","2015-03-27T16:20:12.000Z","IV","1"
"122","Kriegsmaterial. Kohärenz der Politik der verschiedenen Departemente","GPS","Francine John-Calame","2015-03-27T16:22:52.000Z","IV","1"
"123","IV-Leistungen für Menschen mit Behinderung, die das AHV-Alter erreicht haben","GPS","Luc Recordon","2015-03-27T16:40:31.000Z","IV","1"
"124","Migrationsfluss und Druck auf die Südgrenze. Strategien und Instrumente","CVP","Marco Romano","2015-05-06T14:41:14.000Z","IV","1"
"125","Zuordnung der Ausgleichsfonds AHV/IV/EO an die Departemente","FDP-Liberale","Olivier Feller","2015-03-31T14:15:55.000Z","IV","1"
"126","Zusammenfassung der Vernehmlassungsverfahren zu den Ausgleichsfonds AHV/IV/EO","FDP-Liberale","Olivier Feller","2015-03-31T14:16:11.000Z","IV","1"
"127","Jahrelange IV-Abklärungen. Einzelfälle oder verbreitete Praxis?","GPS","Balthasar Glättli","2015-03-31T14:17:17.000Z","IV","1"
"128","IV-Pflegeleistungen","SP","Yvonne Feri","2015-04-01T11:29:09.000Z","IV","1"
"129","Fördert das Bundesamt für Sozialversicherungen den Einkauf im Ausland?","SVP","Markus Hausammann","2015-06-03T13:59:57.000Z","IV","1"
"130","Entschädigung von Hilfeleistungen von Angehörigen im Rahmen des Assistenzbeitrages","CVP","Christian Lohr","2015-02-13T10:14:55.000Z","IV","1"
"131","Immer mehr IV-Neurenten für junge Erwachsene?","EVP","Maja Ingold","2014-03-27T08:57:35.000Z","IV","1"
"132","Systemversagen bei Suissemedap","GPS","Louis Schelbert","2014-09-23T15:07:49.000Z","IV","1"
"133","Ein Buch mit sieben Siegeln, oder wie lässt sich der nachhaltige Erfolg der IV feststellen?","SP","Daniel Jositsch","2014-12-12T14:06:49.000Z","IV","1"
"134","Vergabe von Vermögensverwaltungsmandaten durch AHV/IV/EO-Fonds an Externe. Unterstellung unter das Bundesgesetz über das öffentliche Beschaffungswesen","FDP-Liberale","Olivier Feller","2014-12-17T17:05:26.000Z","IV","1"
"135","Vergleichbares Jahreseinkommen für Nationalratsmandate","SP","Jacqueline Badran","2014-12-18T17:04:58.000Z","IV","1"
"136","Wirkungen der IV-Revision 6a und Folgen für die Betroffenen","CVP","Ruth Humbel","2014-03-11T09:04:31.000Z","IV","1"
"137","Verhältnis zwischen der Zentralen Ausgleichsstelle und den Ausgleichsfonds AHV/IV/EO","FDP-Liberale","Olivier Feller","2014-03-11T15:16:40.000Z","IV","1"
"138","Verhältnis zwischen der Zentralen Ausgleichsstelle und den Ausgleichsfonds AHV/IV/EO","FDP-Liberale","Olivier Feller","2014-03-18T11:40:31.000Z","IV","1"
"139","Steuerelastizität und -sensibilität von Firmen mit besonderem Steuerstatus","FDP-Liberale","Kurt Fluri","2014-03-20T12:06:33.000Z","IV","1"
"140","Schutz der Anlagen der öffentlichen Hand sowie des Klimas","SP","Barbara Gysi","2014-03-20T18:14:37.000Z","IV","1"
"141","Förderung der beruflichen Wiedereingliederung bei der Ruag und bei Armasuisse","CVP","Jean-Paul Gschwind","2014-03-25T09:18:20.000Z","IV","1"
"142","Erwerbsintegration von Psychischkranken","EVP","Maja Ingold","2014-03-25T16:42:05.000Z","IV","1"
"143","Bekämpfung der Korruption im öffentlichen Beschaffungswesen","CVP","Stefan Engler","2014-03-27T09:07:54.000Z","IV","1"
"144","Einsatz von Hirnscans bei der IV-Stelle Luzern","SP","Silvia Schenker","2014-04-03T07:01:05.000Z","IV","1"
"145","Grössere Autonomie und bessere soziale Integration von Personen mit Behinderung ermöglichen","MCR","Roger Golay","2014-03-31T11:33:43.000Z","IV","1"
"146","Ergänzungsleistungen und Datenübermittlung","FDP-Liberale","Bruno Pezzatti","2014-05-08T09:00:00.000Z","IV","1"
"147","Ergänzungsleistungen und Prämienverbilligungen entkoppeln","CVP","Ruth Humbel","2014-05-19T08:31:12.000Z","IV","1"
"148","Ausgleichsfonds AHV/IV/EO. Unterstellung unter das Gesetz über das öffentliche Beschaffungswesen","FDP-Liberale","Olivier Feller","2014-07-03T09:58:51.000Z","IV","1"
"149","Rechtsform der Ausgleichsfonds AHV/IV/EO","FDP-Liberale","Olivier Feller","2014-07-11T11:13:23.000Z","IV","1"
"150","Organisation der Ausgleichsfonds AHV/IV/EO","FDP-Liberale","Olivier Feller","2014-06-04T08:32:16.000Z","IV","1"
"151","Kabotage. Der Benachteiligung und der Diskriminierung der Schweizer Transportunternehmen muss ein Ende gesetzt werden!","CVP","Fabio Regazzi","2014-06-17T17:11:47.000Z","IV","1"
"152","Lissabonner Abkommen. Bundesgerichtsentscheid mit Folgen für die Autonomie der Hochschulen?","CVP","Kathy Riklin","2014-07-03T10:36:16.000Z","IV","1"
"153","Der Grenzwachtkommandant der Region IV als Kandidat für den Tessiner Staatsrat?","Lega","Roberta Pantani","2014-06-23T16:18:54.000Z","IV","1"
"154","Versachlichung der Kommunikation im Bereich der IV","CVP","Christian Lohr","2014-06-26T16:03:21.000Z","IV","1"
"155","Keine pornografischen Kampagnen des BAG mehr!","SVP","Erich von Siebenthal","2014-06-26T15:38:43.000Z","IV","1"
"156","Stopp der Porno-Kampagne des BAG","SVP","Erich von Siebenthal","2014-06-26T15:41:28.000Z","IV","1"
"157","Zugang zu einer Schweizer Universität für Ausländer. Entscheid des Bundesgerichtes","CVP","Christophe Darbellay","2014-07-03T10:37:51.000Z","IV","1"
"158","Übernahme von EU-Recht im Bereich der Versicherungen","SVP","Toni Bortoluzzi","2014-07-01T16:09:01.000Z","Personenfreizügigkeit","1"
"159","Arbeitslose mit psychischen Problemen. Stärkung der RAV","SP","Silvia Schenker","2014-07-04T14:18:22.000Z","IV","1"
"160","Finanzierung der IV durch den Bund. Verletzung von Artikel 112 Absatz 4 der Bundesverfassung?","FDP-Liberale","Olivier Feller","2014-09-16T14:10:13.000Z","IV","1"
"161","Situation arbeitstätiger Auslandschweizerinnen und -schweizer in EU-Efta-Staaten. Mögliche Konsequenzen nach Annahme der Masseneinwanderungs-Initiative","CVP","Kathy Riklin","2014-09-12T14:27:04.000Z","Personenfreizügigkeit","1"
"162","Missbrauchsbekämpfung im Bereich der Ergänzungsleistungen","SVP","Toni Bortoluzzi","2014-09-16T14:40:42.000Z","Personenfreizügigkeit","1"
"163","Missbrauchsbekämpfung im Bereich der Ergänzungsleistungen","SVP","Toni Bortoluzzi","2014-09-16T14:40:42.000Z","IV","1"
"164","Teilrevision des UVG","FDP-Liberale","Bruno Pezzatti","2014-09-18T15:25:31.000Z","IV","1"
"165","Eidgenössisches Berufsattest. Bilanz nach zehn Jahren","SP","Jean Christophe Schwaab","2014-09-19T13:33:46.000Z","IV","1"
"166","Interessenkonflikte von medizinischen Gutachtern vermeiden","SP","Pierre-Alain Fridez","2014-09-25T13:59:51.000Z","IV","1"
"167","Wirksame Taggeldversicherung bei Erwerbsausfall durch Krankheit","CVP","Ruth Humbel","2014-09-29T14:39:48.000Z","IV","1"
"168","Bedeutung der bilateralen Verträge für die Schweiz","FDP-Liberale","Philipp Müller","2014-09-29T13:41:14.000Z","Personenfreizügigkeit","1"
"169","Stärkung der nördlichen und östlichen Grenzwachtregionen","SP","Anita Fetz","2014-09-29T14:43:09.000Z","IV","1"
"170","Zuwanderungsbeschränkungen in anderen europäischen Ländern","CVP","Filippo Lombardi","2014-09-29T17:18:57.000Z","Personenfreizügigkeit","1"
"171","Sozialhilfe. Transparenz schaffen in Bezug auf Kostenentwicklung sowie Beauftragung privater Firmen","SP","Pascale Bruderer Wyss","2014-09-29T14:57:35.000Z","IV","1"
"172","Zugang zu den ausländischen Finanzmärkten. Wo stehen wir?","FDP-Liberale","Fabio Abate","2014-09-29T14:37:51.000Z","Personenfreizügigkeit","1"
"173","Inkongruente Übersetzungen von Initiativtexten","-","Thomas Minder","2014-09-30T17:51:38.000Z","IV","1"
"174","Fonds für Qualifizierungsoffensive in der beruflichen Grundbildung von Bund, Kantonen und Organisationen der Arbeitswelt","SP","Anita Fetz","2014-09-30T19:59:59.000Z","IV","1"
"175","Ausbau der Kompetenzen der Eidgenössischen Kommission gegen Rassismus","SP","Mathias Reynard","2014-09-29T13:54:00.000Z","IV","1"
"176","Keine Rückerstattung der Medikamentenkosten nach dem Übergang von der IV ins KVG-Regime für Versicherte nach dem 20. Geburtstag","SP","Marina Carobbio Guscetti","2014-09-29T15:20:04.000Z","IV","1"
"177","Bauleistungen aus dem Anwendungsbereich des Freizügigkeitsabkommens ausschliessen","CVP","Fabio Regazzi","2014-11-27T11:25:36.000Z","Personenfreizügigkeit","1"
"178","Datenaustausch zwischen den kantonalen Stellen für Ergänzungsleistungen und den gemeinnützigen Institutionen nach den Artikeln 17 und 18 ELG","SP","Jacques-André Maire","2014-11-27T11:26:13.000Z","IV","1"
"179","Keine IV-Rente als Taschengeld für Gutverdienende!","glp","Margrit Kessler","2014-11-27T16:44:43.000Z","IV","1"
"180","Nachhaltige Wirtschaftsentwicklung","glp","Markus Stadler","2014-12-04T10:13:05.000Z","Personenfreizügigkeit","1"
"181","Fortschritt statt Bürokratie bei den Ausbildungszulagen","FDP-Liberale","Bruno Pezzatti","2014-12-12T14:35:31.000Z","IV","1"
"182","Öffentliches Beschaffungswesen","Lega","Roberta Pantani","2014-12-12T14:37:14.000Z","IV","1"
"183","Fehlendes bilaterales Stromabkommen mit der EU und Ausschluss vom Market Coupling. Wie weiter?","BDP","Bernhard Guhl","2014-12-17T16:35:22.000Z","Personenfreizügigkeit","1"
"184","Ausdehnung der Personenfreizügigkeit auf Kroatien. Das Abkommen sofort behandeln und der Schweiz einen international vernetzten Forschungsplatz sichern","SP","Jacqueline Fehr","2014-12-18T16:20:39.000Z","Personenfreizügigkeit","1"
"185","Die finanziellen Auswirkungen der Agrarpolitik 2014-2017 auf die produzierende Landwirtschaft und ihren Leistungsauftrag","SVP","Ernst Schibli","2014-12-18T16:40:41.000Z","IV","1"
"186","Berechnungsmethode für den Invaliditätsgrad. Benachteiligung tiefer Einkommen beseitigen","SP","Silvia Schenker","2014-12-18T16:41:26.000Z","IV","1"
"187","Invalidenversicherung. Steuererleichterungen und Anreizsystem für eine bessere Eingliederung","BDP","Lorenz Hess","2014-12-18T16:45:55.000Z","IV","1"
"188","Drittstaatenkontingente. Planwirtschaftliche Kürzungen oder Marktwirtschaft?","SP","Anita Fetz","2014-12-18T17:00:16.000Z","Personenfreizügigkeit","1"
"189","Beschaffungspolitik des Bundes. Wie wär's mit einer Bevorzugung von "Swiss made"?","FDP-Liberale","Fathi Derder","2014-12-18T17:03:17.000Z","IV","1"
"190","EU-konforme Waffenverbotsliste","SVP","Hans Fehr","2014-03-18T09:32:10.000Z","Personenfreizügigkeit","1"
"191","Anstieg des Schlepperwesens im Tessin. Was tun?","CVP","Fabio Regazzi","2014-06-10T09:33:12.000Z","IV","1"
"192","Projekt Ingeus. Mit Bauchtanzen aus der IV-Rente?","SVP","Sebastian Frehner","2014-09-23T14:03:37.000Z","IV","1"
"193","Ursachen für die markanten Ertragseinbrüche bei den einheimischen Stromproduzenten","SVP","Maximilian Reimann","2014-10-16T14:40:20.000Z","Personenfreizügigkeit","1"
"194","Steht der Präsident des Verwaltungsrates der Ausgleichsfonds AHV/IV/EO über den Entscheiden der politischen Behörden?","FDP-Liberale","Olivier Feller","2014-12-02T16:05:41.000Z","IV","1"
"195","Masseneinwanderungs-Initiative. Quadratur des Kreises?","SVP","Hans Fehr","2014-12-02T16:43:20.000Z","Personenfreizügigkeit","1"
"196","Prioritäten im Verhandlungsmandat zur Anpassung der Personenfreizügigkeit","SVP","Toni Brunner","2014-12-18T15:14:00.000Z","Personenfreizügigkeit","1"
"197","Kürzung von Drittstaatenkontingenten. Auswirkungen auf den Wirtschaftsstandort Schweiz","CVP","Elisabeth Schneider-Schneiter","2014-12-18T15:05:43.000Z","Personenfreizügigkeit","1"
"198","Strategische Ziele der SBB 2015-2018. Förderung von günstigem Wohnraum","GPS","Regula Rytz","2014-12-18T15:22:20.000Z","Personenfreizügigkeit","1"
"199","Droht ein Fachkräftemangel in der Region Basel?","SP","Susanne Leutenegger Oberholzer","2014-12-18T15:06:02.000Z","Personenfreizügigkeit","1"
"200","Weshalb sollen der Schweizer Wirtschaft benötigte Arbeitskräfte vorenthalten werden?","FDP-Liberale","Fathi Derder","2014-12-18T15:06:14.000Z","Personenfreizügigkeit","1"
"201","Gesundheitswesen. Rechnungen oder Kopien immer an Patienten als Mittel zur Kostensenkung","BDP","Bernhard Guhl","2015-05-07T08:19:20.000Z","KVG","1"
"202","Bürokratieabbau. Weniger Aufwand bei der Erfassung der SOMED-Statistik","FDP-Liberale","Ignazio Cassis","2015-05-07T08:52:21.000Z","KVG","1"
"203","KVG. Roadmap zur Entflechtung der Mehrfachrolle der Kantone","FDP-Liberale","Ignazio Cassis","2015-05-07T08:53:54.000Z","KVG","1"
"204","Keine Prämiengeschenke vom Staat","FDP-Liberale","Ignazio Cassis","2015-05-07T08:55:20.000Z","KVG","1"
"205","Rückzug des Medikamentes Perjeta","SP","Pierre-Alain Fridez","2015-03-31T14:15:42.000Z","KVG","1"
"206","Negativzinsen für Krankenkassen","SVP","Heinz Brand","2015-04-01T10:59:05.000Z","KVG","1"
"207","Strategie zur Elimination der Masern","CVP","Viola Amherd","2015-04-01T11:28:46.000Z","KVG","1"
"208","Wann übernimmt die Grundversicherung den Praenatest?","SP","Valérie Piller Carrard","2015-04-01T11:30:27.000Z","KVG","1"
"209","Fördert das Bundesamt für Sozialversicherungen den Einkauf im Ausland?","SVP","Markus Hausammann","2015-06-03T13:59:57.000Z","KVG","1"
"210","Digitale Identität statt Versichertenkarte","FDP-Liberale","Ruedi Noser","2015-01-22T08:30:49.000Z","KVG","1"
"211","Verständliche Begriffe und bessere Information rund um Tiers payant, Tiers garant und Tiers soldant","SP","Jacqueline Fehr","2014-03-21T08:22:53.000Z","KVG","1"
"212","Höchstlimite für Tiers garant","SP","Jacqueline Fehr","2014-03-21T08:24:30.000Z","KVG","1"
"213","Mitsprache und Rechtsstellung der Patientinnen und Patienten bei der Bestellung von Vertrauensärzten","SP","Thomas Hardegger","2014-09-24T10:56:14.000Z","KVG","1"
"214","Spitäler müssen die Vereinbarkeit von Beruf und Familie fördern","SP","Jacqueline Fehr","2014-09-25T11:47:46.000Z","KVG","1"
"215","Unvereinbarkeit zwischen Parlamentsmandat und behördlichem Mandat. Keine unnötigen Ausnahmen","SP","Jean-François Steiert","2014-09-29T12:16:11.000Z","KVG","1"
"216","Praxisorientierte Gestaltung der Übergangspflege","CVP","Ruth Humbel","2014-09-29T14:53:37.000Z","KVG","1"
"217","Für eine einheitliche Regelung der medizinisch-diagnostischen Geräte im Interesse der Versicherten","SP","Marina Carobbio Guscetti","2014-12-17T17:08:43.000Z","KVG","1"
"218","Mehr Transparenz bei der Offenlegung der Interessenbindungen von Ratsmitgliedern","EVP","Marianne Streiff-Feller","2014-12-18T17:05:46.000Z","KVG","1"
"219","KVG. Rettungs- und Transportkosten","SP","Stéphane Rossini","2014-03-06T13:26:48.000Z","KVG","1"
"220","Adoptionskosten. Steuerabzug für betroffene Familien?","CVP","Marco Romano","2014-03-25T08:47:38.000Z","KVG","1"
"221","Freie Wahl in der obligatorischen Krankenpflegeversicherung durch die Versicherten","SVP","Toni Bortoluzzi","2014-09-16T13:53:21.000Z","KVG","1"
"222","Pflegefinanzierung. Bevorstehende Evaluation","SP","Yvonne Feri","2014-11-27T10:33:15.000Z","KVG","1"
"223","KVG. Weitergabe von Informationen zwischen Grund- und Zusatzversicherung und Verletzung des Datenschutzes","SP","Marina Carobbio Guscetti","2014-12-11T18:52:41.000Z","KVG","1"
"224","Sicherstellung des Zugangs zur Gesundheitsversorgung für Sans-Papiers und andere besonders verletzliche Bevölkerungsgruppen","SP","Marina Carobbio Guscetti","2014-12-12T14:39:12.000Z","KVG","1"
"225","Eingriff des Bundesrates in die KVG-Tarifstruktur. Ein Missbrauch von Kompetenzen?","FDP-Liberale","Olivier Feller","2014-03-04T15:36:46.000Z","KVG","1"
"226","Qualitätssicherung bei Untersuchungen oder Programmen zur Früherkennung von Brustkrebs","SP","Bea Heim","2014-03-11T11:17:18.000Z","KVG","1"
"227","Widerrechtliche Propaganda der Krankenversicherungen?","SP","Jacqueline Fehr","2014-03-25T14:34:58.000Z","KVG","1"
"228","Artikel 71a und 71b KVV. Schwerwiegende Auswirkungen für Patientinnen und Patienten","CVP","Ruth Humbel","2014-03-25T15:38:34.000Z","KVG","1"
"229","Vergabeprozess in der hochspezialisierten Medizin. Aufgabenerfüllung durch die Kantone","FDP-Liberale","Felix Gutzwiller","2014-03-27T08:58:02.000Z","KVG","1"
"230","Ausländisches Personal im Gesundheitswesen. Situationsanalyse und Massnahmen","SP","Silvia Schenker","2014-03-27T15:23:41.000Z","KVG","1"
"231","Bericht über den unsachgerechten ambulanten KVG-Tarif Tarmed","CVP","Alois Gmür","2014-03-27T16:58:39.000Z","KVG","1"
"232","Obligatorische Patientenverfügung","GPS","Alec von Graffenried","2014-03-31T10:16:17.000Z","KVG","1"
"233","Grössere Autonomie und bessere soziale Integration von Personen mit Behinderung ermöglichen","MCR","Roger Golay","2014-03-31T11:33:43.000Z","KVG","1"
"234","Verletzung der Pflicht zur ausgewogenen Information durch die CSS?","SP","Jacqueline Fehr","2014-05-13T11:01:29.000Z","KVG","1"
"235","Asymmetriekorrektur nach Brustamputation soll Pflichtleistung nach KVG werden","SP","Margret Kiener Nellen","2014-05-15T08:25:39.000Z","KVG","1"
"236","Fehlende Anreize im DRG-System für die Verhinderung von Spitalinfektionen","SP","Thomas Hardegger","2014-05-15T09:08:05.000Z","KVG","1"
"237","Praenatest","SP","Valérie Piller Carrard","2014-05-15T17:35:09.000Z","KVG","1"
"238","Ergänzungsleistungen und Prämienverbilligungen entkoppeln","CVP","Ruth Humbel","2014-05-19T08:31:12.000Z","KVG","1"
"239","Finanzierung der Kampagne gegen die Volksinitiative "für eine öffentliche Krankenkasse"","SP","Didier Berberat","2014-06-05T09:37:04.000Z","KVG","1"
"240","Leistungsverträge in der Gesundheitsverordnung. Sind Boni für Zuweisungen und Operationen legal und erwünscht?","SP","Bea Heim","2014-06-05T15:21:08.000Z","KVG","1"
"241","Regulierung der hochspezialisierten Medizin","FDP-Liberale","Olivier Feller","2014-06-16T15:58:10.000Z","KVG","1"
"242","Gewährleistung ausgewogener politischer Information durch die Krankenversicherer","SP","Liliane Maury Pasquier","2014-07-02T11:04:35.000Z","KVG","1"
"243","Leistungsvergütungen der Krankenkasse. Kriterien der Wirksamkeit, Zweckmässigkeit und Wirtschaftlichkeit","SVP","Andrea Martina Geissbühler","2014-06-26T15:53:32.000Z","KVG","1"
"244","Drogenfreie Therapie","SVP","Andrea Martina Geissbühler","2014-06-25T17:28:27.000Z","KVG","1"
"245","Mehr Möglichkeiten des Seco bei unerwünschten Maklertätigkeiten im Krankenversicherungsbereich","FDP-Liberale","Daniel Stolz","2014-07-03T10:46:41.000Z","KVG","1"
"246","Der Leistungskatalog im KVG existiert nicht. Oder doch?","FDP-Liberale","Ignazio Cassis","2014-06-25T17:33:13.000Z","KVG","1"
"247","Krebs und Fruchtbarkeit. Kostenübernahme durch die obligatorische Krankenpflegeversicherung","SP","Liliane Maury Pasquier","2014-07-02T10:55:57.000Z","KVG","1"
"248","Chancen und Folgen der Pränataldiagnostik","CVP","Christian Lohr","2014-06-26T15:13:24.000Z","KVG","1"
"249","Verjährungswirrwarr für Patienten mit Behandlungsfehlern endgültig beheben","SP","Thomas Hardegger","2014-06-25T16:27:44.000Z","KVG","1"
"250","Rolle der Praxisassistentinnen im schweizerischen Gesundheitssystem","SP","Jean-François Steiert","2014-06-25T16:29:04.000Z","KVG","1"
"251","Stärkung der ambulanten Pflege. Ambulant vor stationär","SVP","Rudolf Joder","2014-06-26T16:20:27.000Z","KVG","1"
"252","Stärkung der ambulanten Pflege. Restfinanzierung","SVP","Rudolf Joder","2014-06-26T16:18:44.000Z","KVG","1"
"253","Verbesserung der Organisation der Krankenpflege und Hilfe zu Hause","SVP","Rudolf Joder","2014-06-26T16:14:06.000Z","KVG","1"
"254","Avastin und Lucentis. Was kann der Bundesrat unternehmen?","FDP-Liberale","Isabelle Moret","2014-06-25T17:14:51.000Z","KVG","1"
"255","Nimmt die Finma ihre Aufsichtspflicht auch in Bezug auf den Bereich der Krankenzusatzversicherungen in der Schweiz regelmässig wahr?","FDP-Liberale","Isabelle Moret","2014-06-25T16:46:41.000Z","KVG","1"
"256","Fehldiagnosen und späte Schwangerschaftsabbrüche durch nichtinvasive Pränataltests","SP","Martina Munz","2014-09-11T11:13:42.000Z","KVG","1"
"257","Teilrevision des UVG","FDP-Liberale","Bruno Pezzatti","2014-09-18T15:25:31.000Z","KVG","1"
"258","Leistungen der Krankenversicherungen. Lücken in den Abrechnungssystemen Tiers payant und Tiers garant","SP","Thomas Hardegger","2014-09-23T09:45:30.000Z","KVG","1"
"259","Personalisierte Medizin. Persönlichkeits- und Diskriminierungsschutz bezüglich nichtgenetischer Biomarker","SP","Bea Heim","2014-09-25T11:20:35.000Z","KVG","1"
"260","Gleichbehandlung von KVG und UVG bei Nichtbetriebsunfällen","SVP","Toni Bortoluzzi","2014-09-25T09:55:38.000Z","KVG","1"
"261","Spitex-Organisationen stärken","SP","Bea Heim","2014-09-25T11:06:45.000Z","KVG","1"
"262","Sans-Papiers ohne Krankenversicherung. 13-stellige AHV-Versichertennummer unabhängig vom rechtlichen Status erstellen","SP","Liliane Maury Pasquier","2014-09-25T11:03:06.000Z","KVG","1"
"263","Hausärztinnen und Hausärzte. Klarheit schaffen und Abläufe vereinfachen","SP","Pierre-Alain Fridez","2014-09-25T10:05:18.000Z","KVG","1"
"264","Cannabis für Schwerkranke","glp","Margrit Kessler","2014-09-25T11:55:17.000Z","KVG","1"
"265","Wirksame Taggeldversicherung bei Erwerbsausfall durch Krankheit","CVP","Ruth Humbel","2014-09-29T14:39:48.000Z","KVG","1"
"266","Prävention und Leistungssteuerung in der Krankenversicherung","CVP","Ruth Humbel","2014-09-29T14:34:13.000Z","KVG","1"
"267","Ausweitung der Säule 3a zur Deckung der Pflegekosten","FDP-Liberale","Joachim Eder","2014-09-29T15:00:23.000Z","KVG","1"
"268","Rückvergütung von Inkontinenzhilfen","SP","Liliane Maury Pasquier","2014-09-29T14:05:21.000Z","KVG","1"
"269","Inkongruente Übersetzungen von Initiativtexten","-","Thomas Minder","2014-09-30T17:51:38.000Z","KVG","1"
"270","Anpassung der Finanzierung der ärztlichen Weiterbildung und der universitären Gesundheitsberufe","BDP","Lorenz Hess","2014-09-30T19:56:37.000Z","KVG","1"
"271","Kostenexplosion durch neue Therapien gegen Hepatitis C?","SP","Jean-François Steiert","2014-09-29T14:02:27.000Z","KVG","1"
"272","Wie gedenkt der Bundesrat objektive und überzeugende Informationen über die OKP zuhanden der Bürgerinnen und Bürger zu gewährleisten?","FDP-Liberale","Isabelle Moret","2014-09-29T13:43:55.000Z","KVG","1"
"273","Desinformation im Rahmen des Abstimmungskampfes zur Einheitskrankenkasse und Erklärungen zu den regionalen Prämienunterschieden","FDP-Liberale","Isabelle Moret","2014-09-29T13:31:29.000Z","KVG","1"
"274","Ausschluss von Ärztinnen und Ärzten aus der Liste der Grundversorger im Rahmen des Hausarztmodells","FDP-Liberale","Isabelle Moret","2014-09-29T13:26:54.000Z","KVG","1"
"275","Keine Rückerstattung der Medikamentenkosten nach dem Übergang von der IV ins KVG-Regime für Versicherte nach dem 20. Geburtstag","SP","Marina Carobbio Guscetti","2014-09-29T15:20:04.000Z","KVG","1"
"276","KVG. Kostenübernahme für die Fusspflege durch Podologinnen und Podologen bei ärztlicher Anordnung","SP","Pierre-Alain Fridez","2014-11-27T10:19:04.000Z","KVG","1"
"277","Parlamentarische Aufsicht über die hochspezialisierte Medizin","FDP-Liberale","Olivier Feller","2014-12-04T09:55:19.000Z","KVG","1"
"278","Wie lange will der Bundesrat dem Tessin noch schaden und es provozieren?","Lega","Lorenzo Quadri","2014-12-04T09:55:26.000Z","KVG","1"
"279","KVG/KVAG. Verordnung über die Kapitalanlagen der Krankenversicherer","SVP","Sebastian Frehner","2014-12-12T13:55:59.000Z","KVG","1"
"280","Kostentransparenz der Spitäler","SVP","Sebastian Frehner","2014-12-12T13:56:17.000Z","KVG","1"
"281","Ansprüche aus Schäden, für die der Arbeitgeber haftet. Abtretung an die Sozialversicherungen","SP","Jean Christophe Schwaab","2014-12-12T14:32:40.000Z","KVG","1"
"282","Kostenbeteiligung bei Mutterschaft. Unwissenheit schützt vor Strafe nicht!","SP","Liliane Maury Pasquier","2014-12-17T17:32:19.000Z","KVG","1"
"283","Cannabis für Schwerkranke","glp","Margrit Kessler","2014-12-17T16:31:07.000Z","KVG","1"
"284","Pflegefinanzierung. Kostentransparenz und Versorgungsqualität","SP","Bea Heim","2014-12-17T16:48:04.000Z","KVG","1"
"285","Vertrauensärzte aus dem Dilemma befreien","SP","Bea Heim","2014-12-17T16:48:35.000Z","KVG","1"
"286","Stärkung des Bundesgerichtsstandortes Luzern","csp-ow","Karl Vogler","2014-12-18T16:21:17.000Z","KVG","1"
"287","Zulassung von Arzneimitteln. Kriterien der Nutzen-Risiko-Beurteilung","SVP","Andrea Martina Geissbühler","2014-12-18T16:22:17.000Z","KVG","1"
"288","Freiwillige Krankenpflegegrundversicherung für Auslandschweizerinnen und Auslandschweizer","SP","Marina Carobbio Guscetti","2014-12-18T16:35:03.000Z","KVG","1"
"289","Geltende Fallkostenpauschale für Asylbewerber inklusive Kesb. Massnahmen bei der Festlegung von allfälligen Berechnungspauschalen","SVP","Ernst Schibli","2014-12-18T16:40:58.000Z","KVG","1"
"290","Neuer Verteilmechanismus des Bundesbeitrages für die Prämienverbilligung","SP","Silvia Schenker","2014-12-18T17:01:27.000Z","KVG","1"
"291","Ambulanter Bereich der obligatorischen Krankenversicherung. Qualitätssicherung und Transparenz durchsetzen","CVP","Ruth Humbel","2014-12-18T17:01:50.000Z","KVG","1"
"292","Praxistaugliche Zulassung der Pflegeheime als Leistungserbringer","CVP","Ruth Humbel","2014-12-18T17:02:06.000Z","KVG","1"
"293","Ausgewiesene Pflege- und Behandlungsqualität nicht finanziell bestrafen","CVP","Ruth Humbel","2014-12-12T12:59:57.000Z","KVG","1"
"294","Täuschung auf der Website gewisser Krankenversicherer","FDP-Liberale","Isabelle Moret","2014-12-18T17:04:34.000Z","KVG","1"
"295","Regionale Unterschiede bei den Krankenkassenprämien","FDP-Liberale","Isabelle Moret","2014-12-18T17:04:48.000Z","KVG","1"
"296","Krankenversicherung. Rückerstattung der zu viel bezahlten Prämien im Tessin","FDP-Liberale","Ignazio Cassis","2014-03-17T15:30:54.000Z","KVG","1"
"297","Medikamentenpreise und Rabatte","SVP","Toni Bortoluzzi","2014-03-17T15:32:58.000Z","KVG","1"
"298","Krankenkassenprämien 2015. Ankündigung durch den Vorsteher des EDI","SP","Stéphane Rossini","2014-06-10T14:55:03.000Z","KVG","1"
"299","Krankenversicherung. Rabatte für Kinderprämien, Franchisen und Versorgungsmodelle","SP","Jacqueline Fehr","2014-06-10T17:08:33.000Z","KVG","1"
"300","Wann tritt der verfeinerte Risikoausgleich in der Krankenversicherung in Kraft?","FDP-Liberale","Ignazio Cassis","2014-06-10T15:02:43.000Z","KVG","1"
"301","Härtefallregelung der CO2-Verordnung. Die Zwischenlösung zum Emissionshandel ist nicht ausreichend","SVP","Thomas de Courten","2015-01-20T11:53:23.000Z","Personenfreizügigkeit","1"
"302","Pflegende Angehörige sollen in jedem Fall von anerkannter Hilflosigkeit ein Anrecht auf Betreuungsgutschriften haben","CVP","Christine Bulliard-Marbach","2015-03-30T14:10:46.000Z","AHV","1"
"303","Fördert das Bundesamt für Sozialversicherungen den Einkauf im Ausland?","SVP","Markus Hausammann","2015-06-04T15:01:18.000Z","AHV","1"
"304","Diebstahl und Verlust von Kunden- oder Mitarbeiterdaten wie AHV-Nummern oder Bankdaten. Ist das Gesetz hinreichend?","SP","Jean Christophe Schwaab","2015-03-27T09:32:32.000Z","AHV","1"
"305","Anpassung der Steuersätze für Casinos","SVP","Pierre Rusconi","2015-03-27T09:40:30.000Z","AHV","1"
"306","Normalarbeitsvertrag Hauswirtschaft. Weniger Schranken für die Vereinbarkeit von Familie und Beruf","FDP-Liberale","Andrea Caroni","2015-03-27T09:44:56.000Z","Personenfreizügigkeit","1"
"307","Reduktion des Mehrwertsteuersatzes für das Gastgewerbe und die Hotellerie","SVP","Heinz Brand","2015-03-27T09:45:56.000Z","AHV","1"
"308","Selbstständigerwerbende aus Italien. Namen an die italienische Agenzia delle entrate weiterleiten","Lega","Lorenzo Quadri","2015-03-27T09:48:29.000Z","Personenfreizügigkeit","1"
"309","Negativzins trifft Pensionskassen hart. Warum ist die Publica nicht betroffen?","FDP-Liberale","Daniel Stolz","2015-03-27T09:49:41.000Z","AHV","1"
"310","Abbau von Regulierungskosten. Bonusorientierte Kontrollintervalle für Betriebe und Anlagen","SVP","Thomas de Courten","2015-03-27T14:46:51.000Z","AHV","1"
"311","Abbau von Regulierungskosten. Abschaffung des unterjährigen Melde-Obligatoriums bei AHV und IV","SVP","Thomas de Courten","2015-03-27T14:49:21.000Z","AHV","1"
"312","Abbau von Regulierungskosten. Effizienzsteigerung durch Koordination von Arbeitgeberkontrollen","SVP","Thomas de Courten","2015-03-27T14:50:11.000Z","AHV","1"
"313","Auswirkungen einer Kündigung des Personenfreizügigkeitsabkommens","CVP","Barbara Schmid-Federer","2015-03-27T14:54:10.000Z","Personenfreizügigkeit","1"
"314","Negativzinsen für Sozialversicherungen vermeiden. Keine Ungleichbehandlung bei den Kantonen","SVP","Alex Kuprecht","2015-03-27T14:58:17.000Z","AHV","1"
"315","Negativzinsen für Vorsorgeeinrichtungen","SP","Jacques-André Maire","2015-03-27T14:59:53.000Z","AHV","1"
"316","Selbstbehalt in der Krankenversicherung als Teil der Kostenbeteiligung. Wie weiter?","FDP-Liberale","Daniel Stolz","2015-03-27T15:00:37.000Z","AHV","1"
"317","Gewinne der Schweizerischen Nationalbank. Verwendung und Auswirkung","SP","Philipp Hadorn","2015-03-27T15:03:20.000Z","AHV","1"
"318","Korrekte Behandlung von Unternehmern in der Arbeitslosenversicherung","FDP-Liberale","Andrea Caroni","2015-03-27T15:05:29.000Z","AHV","1"
"319","Verbot der Auszahlung von Löhnen in Euro","SP","Marina Carobbio Guscetti","2015-03-27T15:05:51.000Z","Personenfreizügigkeit","1"
"320","Starker Franken und Einkaufstourismus","GPS","Robert Cramer","2015-03-27T15:08:01.000Z","Personenfreizügigkeit","1"
"321","Erasmus plus und Horizon 2020. Die Schweiz als Drittland","FDP-Liberale","Felix Gutzwiller","2015-03-27T15:08:52.000Z","Personenfreizügigkeit","1"
"322","Reform der Altersvorsorge und Anreiz zur Förderung der Erwerbstätigkeit über das AHV-Alter hinaus","SVP","Maximilian Reimann","2015-03-19T15:01:07.000Z","AHV","1"
"323","CO2-Verordnung. Grundlagen für eine Umsetzung der Härtefallregelung ohne Willkür","SVP","Thomas de Courten","2015-03-27T16:08:50.000Z","Personenfreizügigkeit","1"
"324","Saubere Grundlagen zur richtigen Berechnung des effektiven Rentenalters","FDP-Liberale","Bruno Pezzatti","2015-03-27T16:10:10.000Z","AHV","1"
"325","Casinò Admiral AG von Mendrisio. Aufgabe der Zahlung der nach Konzession vorgesehenen gemeinnützigen Beiträge","CVP","Marco Romano","2015-03-27T16:14:52.000Z","AHV","1"
"326","Präventive Massnahmen zur Verbesserung der Rechtssicherheit für Unternehmen bei der kettenhaften Weitervergabe von Arbeiten im Bausektor","FDP-Liberale","Christa Markwalder","2015-03-27T16:15:28.000Z","Personenfreizügigkeit","1"
"327","Revision des Entsendegesetzes","FDP-Liberale","Christa Markwalder","2015-03-27T16:15:53.000Z","Personenfreizügigkeit","1"
"328","Bürokratieabbau durch die Harmonisierung der Betreibungsregister","glp","Thomas Maier","2015-03-27T16:16:49.000Z","AHV","1"
"329","AHV-Fonds. Unterdurchschnittliche Performance und mangelhafte Transparenz","SVP","Thomas Aeschi","2015-03-27T16:20:12.000Z","AHV","1"
"330","Nutzen des Freizügigkeitsabkommens. Datenerfassung der erwerbstätigen Schweizerinnen und Schweizer im EU-/Efta-Raum","CVP","Kathy Riklin","2015-03-27T16:30:07.000Z","Personenfreizügigkeit","1"
"331","IV-Leistungen für Menschen mit Behinderung, die das AHV-Alter erreicht haben","GPS","Luc Recordon","2015-03-27T16:40:31.000Z","AHV","1"
"332","Optimierung der flankierenden Massnahmen zur Personenfreizügigkeit. Wiederaufnahme","Lega","Lorenzo Quadri","2015-05-05T08:19:14.000Z","Personenfreizügigkeit","1"
"333","Zuordnung der Ausgleichsfonds AHV/IV/EO an die Departemente","FDP-Liberale","Olivier Feller","2015-03-31T14:15:55.000Z","AHV","1"
"334","Human Brain Project. Auswirkungen einer allfälligen Kündigung des Personenfreizügigkeitsabkommens","CVP","Barbara Schmid-Federer","2015-04-01T11:03:46.000Z","Personenfreizügigkeit","1"
"335","Auswirkungen einer Kündigung des Personenfreizügigkeitsabkommens auf internationale Organisationen","SP","Martin Naef","2015-04-01T11:23:00.000Z","Personenfreizügigkeit","1"
"336","Filmförderung und Media-Programm. Auswirkungen einer Kündigung des Personenfreizügigkeitsabkommens","GPS","Aline Trede","2015-04-01T11:31:22.000Z","Personenfreizügigkeit","1"
"337","Personenfreizügigkeit und Rüstungszusammenarbeit mit der Europäischen Union","FDP-Liberale","Christa Markwalder","2015-04-01T11:03:10.000Z","Personenfreizügigkeit","1"
"338","Rekordgewinne bei Firmen und Rekordausfälle bei den Bundessteuern 2014. Wie passt das zusammen?","SP","Margret Kiener Nellen","2015-04-01T11:01:29.000Z","AHV","1"
"339","Anspruch auf Senioren-Generalabonnement. Verstoss gegen die Gleichberechtigung von Mann und Frau?","SVP","Maximilian Reimann","2015-06-03T09:42:53.000Z","AHV","1"
"340","Fördert das Bundesamt für Sozialversicherungen den Einkauf im Ausland?","SVP","Markus Hausammann","2015-06-03T13:59:57.000Z","AHV","1"
"341","Abstimmung vom 14. Juni 2015. Erbschaftssteuerreform gibt viel mehr Geld für AHV und Kantone","SP","Margret Kiener Nellen","2015-06-03T15:15:42.000Z","AHV","1"
"342","Unterzeichnet der Bundesrat Abkommen, die dem Tessin schaden?","Lega","Lorenzo Quadri","2014-01-07T13:43:00.000Z","Personenfreizügigkeit","1"
"343","Besteuerung von Flottenrabatten","GPS","Luc Recordon","2014-09-16T15:36:57.000Z","AHV","1"
"344","Vergabe von Vermögensverwaltungsmandaten durch AHV/IV/EO-Fonds an Externe. Unterstellung unter das Bundesgesetz über das öffentliche Beschaffungswesen","FDP-Liberale","Olivier Feller","2014-12-17T17:05:26.000Z","AHV","1"
"345","Vergleichbares Jahreseinkommen für Nationalratsmandate","SP","Jacqueline Badran","2014-12-18T17:04:58.000Z","AHV","1"
"346","Erhöhung der Steuern oder des Rentenalters nach Annahme der Initiative "gegen Masseneinwanderung"?","FDP-Liberale","Bruno Pezzatti","2014-03-04T15:17:15.000Z","AHV","1"
"347","Erhöhung der Steuern oder des Rentenalters nach Annahme der Initiative "gegen Masseneinwanderung"?","FDP-Liberale","Bruno Pezzatti","2014-03-04T15:17:15.000Z","Personenfreizügigkeit","1"
"348","Bekämpfung von Schmuggel und Fälschungen. Tabakproduktegesetz als Basis","glp","Verena Diener Lenz","2014-03-13T11:57:07.000Z","AHV","1"
"349","Verhältnis zwischen der Zentralen Ausgleichsstelle und den Ausgleichsfonds AHV/IV/EO","FDP-Liberale","Olivier Feller","2014-03-18T11:40:31.000Z","AHV","1"
"350","Europäische Unternehmen, die Personal in die Schweiz entsenden. Eröffnung von Entscheiden","GPS","Luc Recordon","2014-04-14T12:19:42.000Z","Personenfreizügigkeit","1"
"351","Schutz der Anlagen der öffentlichen Hand sowie des Klimas","SP","Barbara Gysi","2014-03-20T18:14:37.000Z","AHV","1"
"352","Zweitwohnungen und Wohnungsnachfrage. Auswirkungen der Volksinitiative "gegen Masseneinwanderung"","FDP-Liberale","Hugues Hiltpold","2014-03-20T18:31:01.000Z","Personenfreizügigkeit","1"
"353","Babysitting und Hausdienstarbeit. Befreiung von AHV-Beiträgen","CVP","Elisabeth Schneider-Schneiter","2014-03-24T08:35:32.000Z","AHV","1"
"354","Freier Personenverkehr. Was passiert mit den Schweizerinnen und Schweizern in der EU?","SP","Claudia Friedl","2014-03-24T08:52:17.000Z","Personenfreizügigkeit","1"
"355","Freigrenze für die AHV-Abrechnung von Beschäftigten in privaten Haushalten","SVP","Hans Fehr","2014-03-25T09:11:32.000Z","AHV","1"
"356","Welche Rechte bleiben den EU-Bürgerinnen und -Bürgern in unserem Land?","SP","Martin Naef","2014-03-25T14:54:16.000Z","Personenfreizügigkeit","1"
"357","Ökonomische Folgen der Masseneinwanderungs-Initiative","SP","Susanne Leutenegger Oberholzer","2014-03-25T16:31:32.000Z","Personenfreizügigkeit","1"
"358","Neue Allianzen zur Stärkung der Schweiz","SVP","Lukas Reimann","2014-03-27T14:23:13.000Z","Personenfreizügigkeit","1"
"359","Ältere Arbeitnehmende auf dem Arbeitsmarkt. Situation und Massnahmen nach Annahme der Masseneinwanderungs-Initiative","SP","Silvia Schenker","2014-03-27T15:19:10.000Z","AHV","1"
"360","Folgen der Annahme der Masseneinwanderungs-Initiative für Drittstaatenangehörige","SP","Silvia Schenker","2014-03-27T15:30:14.000Z","Personenfreizügigkeit","1"
"361","Diskrepanz zwischen Abstimmungsverhalten und politischem Willen","SP","Bea Heim","2014-03-27T17:15:34.000Z","Personenfreizügigkeit","1"
"362","Die Schweiz muss mehr Ärztinnen und Ärzte ausbilden. Aktueller Stand und Ausblick","SP","Bea Heim","2014-03-31T08:39:42.000Z","Personenfreizügigkeit","1"
"363","Lukrativer Handel mit Patientendaten","SP","Bea Heim","2014-03-31T08:46:49.000Z","AHV","1"
"364","Kontingente und Ventilklausel gemäss Freizügigkeitsabkommen. Bilanz zur Wirksamkeit der mengenmässigen Beschränkung der Einwanderung","SP","Cesla Amarelle","2014-03-31T11:38:50.000Z","Personenfreizügigkeit","1"
"365","Studierende und Forschende nicht doppelt bestrafen","SP","Jacques-André Maire","2014-04-01T08:40:13.000Z","Personenfreizügigkeit","1"
"366","Veröffentlichung der Ergebnisse der Lohnstrukturerhebung 2012 während der Abstimmungskampagne zur Mindestlohn-Initiative","FDP-Liberale","Olivier Feller","2014-05-06T12:44:10.000Z","AHV","1"
"367","Ergänzungsleistungen und Datenübermittlung","FDP-Liberale","Bruno Pezzatti","2014-05-08T09:00:00.000Z","AHV","1"
"368","Handeln zugunsten der über 50-jährigen Arbeitslosen ist notwendig","GPS","Ueli Leuenberger","2014-05-12T09:13:44.000Z","AHV","1"
"369","Ergänzungsleistungen und Prämienverbilligungen entkoppeln","CVP","Ruth Humbel","2014-05-19T08:31:12.000Z","AHV","1"
"370","Sistierung der Forschungszusammenarbeit durch die EU-Kommission","SVP","Luzi Stamm","2014-05-19T09:09:23.000Z","Personenfreizügigkeit","1"
"371","Rechtsform der Ausgleichsfonds AHV/IV/EO","FDP-Liberale","Olivier Feller","2014-07-11T11:13:23.000Z","AHV","1"
"372","Organisation der Ausgleichsfonds AHV/IV/EO","FDP-Liberale","Olivier Feller","2014-06-04T08:32:16.000Z","AHV","1"
"373","Situation von über 50-jährigen Sozialhilfebezügern","SP","Yvonne Feri","2014-06-05T15:29:20.000Z","AHV","1"
"374","Welche Datengrundlage für die Reform der Altersvorsorge?","FDP-Liberale","Ignazio Cassis","2014-07-08T16:33:32.000Z","AHV","1"
"375","Rechtsübernahme bei den Sozialwerken","SVP","Sebastian Frehner","2014-06-19T11:47:17.000Z","Personenfreizügigkeit","1"
"376","Folgen einer Übernahme des EU-Rechts für die Schweizer Rechtsordnung","SVP","Hans Fehr","2014-07-03T14:31:14.000Z","Personenfreizügigkeit","1"
"377","Auswirkungen des Mischindex in der AHV","SP","Liliane Maury Pasquier","2014-06-26T16:43:38.000Z","AHV","1"
"378","Pensionskassengeld verschwenden und dann Ergänzungsleistungen beziehen? Dieser Fehlanreiz muss abgeschafft werden!","glp","Jürg Grossen","2014-06-26T16:23:50.000Z","AHV","1"
"379","Koordinationsabzug dem Beschäftigungsgrad anpassen. Gleichbehandlung moderner und traditioneller Formen der Erwerbstätigkeit im BVG","glp","Kathrin Bertschy","2014-07-08T16:24:49.000Z","AHV","1"
"380","Regulierungskosten für die Wirtschaft. Unnötige Administrativarbeiten für die AHV abschaffen","CVP","Paul Niederberger","2014-09-23T15:09:24.000Z","AHV","1"
"381","Eidgenössische Kommission für Alters- und Generationenfragen","SP","Alexander Tschäppät","2014-09-25T10:53:36.000Z","AHV","1"
"382","Sans-Papiers ohne Krankenversicherung. 13-stellige AHV-Versichertennummer unabhängig vom rechtlichen Status erstellen","SP","Liliane Maury Pasquier","2014-09-25T11:03:06.000Z","AHV","1"
"383","Entschädigungen für Personen mit öffentlichen Aufgaben. Änderung des StHG und des DBG","SVP","Jean-Pierre Grin","2014-09-25T11:50:28.000Z","AHV","1"
"384","Anpassung beim Vermögensverzehr. Änderung des Bundesgesetzes über Ergänzungsleistungen zur Alters-, Hinterlassenen- und Invalidenversicherung","CVP","Markus Lehmann","2014-09-29T15:09:40.000Z","AHV","1"
"385","Wirksame Taggeldversicherung bei Erwerbsausfall durch Krankheit","CVP","Ruth Humbel","2014-09-29T14:39:48.000Z","AHV","1"
"386","Regulierungskosten für die Wirtschaft. Unnötige Administrativarbeiten für die AHV abschaffen","CVP","Alois Gmür","2014-09-29T13:31:58.000Z","AHV","1"
"387","Inhaber von konkursiten Unternehmen für die Schulden gegenüber der Arbeitslosenversicherung zur Kasse bitten","SP","Marina Carobbio Guscetti","2014-09-29T11:41:11.000Z","AHV","1"
"388","Inkongruente Übersetzungen von Initiativtexten","-","Thomas Minder","2014-09-30T17:51:38.000Z","AHV","1"
"389","Datenaustausch zwischen den kantonalen Stellen für Ergänzungsleistungen und den gemeinnützigen Institutionen nach den Artikeln 17 und 18 ELG","SP","Jacques-André Maire","2014-11-27T11:26:13.000Z","AHV","1"
"390","Keine IV-Rente als Taschengeld für Gutverdienende!","glp","Margrit Kessler","2014-11-27T16:44:43.000Z","AHV","1"
"391","Erweiterung der legalen und illegalen Schattenwirtschaft und Vergrösserung des BIP","SVP","Andrea Martina Geissbühler","2014-12-04T09:54:11.000Z","AHV","1"
"392","Fortschritt statt Bürokratie bei den Ausbildungszulagen","FDP-Liberale","Bruno Pezzatti","2014-12-12T14:35:31.000Z","AHV","1"
"393","Bundesverfassung. Verbot der Rückwirkung von Erlassen","SVP","Max Binder","2014-12-18T16:23:44.000Z","AHV","1"
"394","Bussen müssen der Verkehrssicherheit dienen und nicht dem Fiskus","SVP","Jean-François Rime","2014-12-18T16:43:14.000Z","AHV","1"
"395","Wann darf die AHV-Nummer verwendet werden und wann nicht?","CVP","Jakob Büchler","2014-12-18T17:01:18.000Z","AHV","1"
"396","Warum werden für die AHV plötzlich 1,8 Milliarden Franken weniger benötigt?","FDP-Liberale","Daniel Stolz","2014-09-16T14:50:30.000Z","AHV","1"
"397","Auslandschweizerinnen und -schweizer in Argentinien. Bezahlung der AHV-Beiträge","SP","Carlo Sommaruga","2014-09-16T15:32:58.000Z","AHV","1"
"398","Auslandschweizerinnen und -schweizer in Argentinien. Bezahlung der AHV-Beiträge","SP","Carlo Sommaruga","2014-09-23T13:48:48.000Z","AHV","1"
"399","Kanton Genf. Gesamtsumme der AHV-, IV- und Krankenversicherungsbeiträge sowie Gesamtsumme der von diesen Versicherungen von 2010 bis 2013 ausbezahlten Leistungen","MCR","Roger Golay","2014-12-02T16:06:47.000Z","AHV","1"
"400","Sozialämter greifen auf Freizügigkeitsgelder zu","SP","Bea Heim","2014-12-02T16:12:46.000Z","AHV","1"
"401","Mehrwertsteuer. Dauerhafte Verankerung des Sondersatzes für Beherbergungsleistungen","CVP","Dominique de Buman","2015-03-30T14:08:17.000Z","Frankenstärke","1"
"402","Frankenstärke. SNB-Protokolle veröffentlichen","SP","Susanne Leutenegger Oberholzer","2015-03-30T14:10:29.000Z","Frankenstärke","1"
"403","Umsetzung der Segmentierung bei der Branchenorganisation Milch","SVP","Albert Rösti","2015-03-30T14:13:04.000Z","Frankenstärke","1"
"404","Mehr Flexibilität im Beschaffungswesen","SVP","Hans Fehr","2015-05-06T14:46:39.000Z","Frankenstärke","1"
"405","Zukunftsperspektiven für die Schweiz","CVP","Konrad Graber","2015-03-27T09:25:53.000Z","Frankenstärke","1"
"406","Unflexible Haltung beim BFE","FDP-Liberale","Daniela Schneeberger","2015-03-27T09:26:39.000Z","Frankenstärke","1"
"407","Swissness-Vorlage. Aufschieben und vereinfachen","SVP","Andrea Martina Geissbühler","2015-03-27T09:28:20.000Z","Frankenstärke","1"
"408","Frankenstärke. Swissness-Vorlage sistieren","CVP","Barbara Schmid-Federer","2015-03-27T09:43:53.000Z","Frankenstärke","1"
"409","Markenschutzverordnung. Administrativen Aufwand tief halten","FDP-Liberale","Corina Eichenberger-Walther","2015-03-27T09:44:37.000Z","Frankenstärke","1"
"410","Praktikable Umsetzung der Swissness-Vorlage","FDP-Liberale","Corina Eichenberger-Walther","2015-03-27T09:44:47.000Z","Frankenstärke","1"
"411","Reduktion des Mehrwertsteuersatzes für das Gastgewerbe und die Hotellerie","SVP","Heinz Brand","2015-03-27T09:45:56.000Z","Frankenstärke","1"
"412","Rohholztransporte. Erhöhung des zulässigen Gesamtgewichts von 40 auf 44 Tonnen","SVP","Jean-François Rime","2015-03-27T09:47:03.000Z","Frankenstärke","1"
"413","Finanzhilfen für Schweizer Exportunternehmen, damit sich diese an Messen und Ausstellungen im Ausland präsentieren können","SVP","Jean-Pierre Graber","2015-03-27T09:47:59.000Z","Frankenstärke","1"
"414","Rohholztransporte. Erhöhung des zulässigen Gesamtgewichts von 40 auf 44 Tonnen","FDP-Liberale","Hans Hess","2015-03-27T09:48:54.000Z","Frankenstärke","1"
"415","Bekanntgabe der Arbeitszeiten. Verlängerung der Frist auf vier Wochen","SP","Jacques-André Maire","2015-03-27T09:51:43.000Z","Frankenstärke","1"
"416","Überzeit. Gleichbehandlung von Teilzeit- und Vollzeitbeschäftigten","SP","Jacques-André Maire","2015-03-27T09:51:57.000Z","Frankenstärke","1"
"417","Wirkung und Folgen der Negativzinsen der Schweizerischen Nationalbank","FDP-Liberale","Felix Gutzwiller","2015-03-27T09:53:00.000Z","Frankenstärke","1"
"418","Monitoring der Standortattraktivität der Schweiz","BDP","Martin Landolt","2015-03-27T14:52:41.000Z","Unternehmenssteuerreform","1"
"419","Innovationsförderung für KMU. Rückstellungen für Forschung und Entwicklung ermöglichen","SP","Jacqueline Badran","2015-03-27T14:53:46.000Z","Unternehmenssteuerreform","1"
"420","Lockerung der Anspruchsvoraussetzungen für Kurzarbeitsentschädigungen im Dienstleistungssektor","FDP-Liberale","Olivier Feller","2015-03-27T14:56:01.000Z","Frankenstärke","1"
"421","Frankenstärke. Aufstockung der KTI-Kredite","GPS","Louis Schelbert","2015-03-27T15:02:45.000Z","Frankenstärke","1"
"422","Frankenstärke. Folgen auf Schuldenbremse","SP","Philipp Hadorn","2015-03-27T15:03:32.000Z","Frankenstärke","1"
"423","Senkung der unnötigen Verwaltungskosten. Sofortige Umsetzung","CVP","Jean-René Fournier","2015-03-27T15:08:23.000Z","Unternehmenssteuerreform","1"
"424","Volkswirtschaftliche Auswirkungen der Swissness-Vorlage vor der Inkraftsetzung prüfen","SVP","Hannes Germann","2015-03-27T15:09:13.000Z","Frankenstärke","1"
"425","Frankenkrise. Innovationsförderung verstärken","BDP","Hans Grunder","2015-03-27T15:14:22.000Z","Frankenstärke","1"
"426","Frankenstärke und Förderung des Tourismus. Steuerabzug für Ferien im Inland","SVP","Jean-Pierre Grin","2015-03-27T16:11:04.000Z","Frankenstärke","1"
"427","Ausgleich für die frankenbedingten Verluste in der Tourismusbranche. Steuerabzug für Ferien in der Schweiz","Lega","Lorenzo Quadri","2015-03-27T16:11:17.000Z","Frankenstärke","1"
"428","Starker Franken. Eine Chance für die Schweiz von morgen?","FDP-Liberale","Fathi Derder","2015-03-27T16:37:22.000Z","Frankenstärke","1"
"429","Investitionsprogramm für die Informationsgesellschaft ankurbeln","FDP-Liberale","Fathi Derder","2015-03-27T16:37:52.000Z","Frankenstärke","1"
"430","Starker Franken. Einsparungen bei unseren Zahlungen in Euro im Rahmen der internationalen Beziehungen?","SVP","Jean-Pierre Grin","2015-03-27T16:38:21.000Z","Frankenstärke","1"
"431","Stopp bei den Personalkosten des Bundes","SVP","Peter Föhn","2015-03-27T16:39:45.000Z","Frankenstärke","1"
"432","Steuerausfälle durch Entlastung des Kapitals in den letzten 20 Jahren","SP","Jacqueline Badran","2015-05-06T08:47:04.000Z","Unternehmenssteuerreform","1"
"433","Frankenstärke. Entlastung von Arbeitnehmern und Arbeitgebern durch tiefere EO-Beiträge","FDP-Liberale","Ruedi Noser","2015-05-06T14:35:09.000Z","Frankenstärke","1"
"434","Klarer rechtlicher Rahmen für die Kommunikation, die Transparenz und die Glaubwürdigkeit der Eidgenössischen Finanzkontrolle","SVP","Guy Parmelin","2015-05-07T08:01:55.000Z","Unternehmenssteuerreform","1"
"435","Importabhängigkeit der Schweizer Landwirtschaft und Auswirkungen der Frankenstärke","glp","Kathrin Bertschy","2015-05-07T08:59:53.000Z","Frankenstärke","1"
"436","Was passiert mit der Schweizer Industrie?","GPS","Louis Schelbert","2015-05-07T09:27:57.000Z","Frankenstärke","1"
"437","Klarer rechtlicher Rahmen für die Kommunikation, die Transparenz und die Glaubwürdigkeit der Eidgenössischen Finanzkontrolle","FDP-Liberale","Fathi Derder","2015-05-07T09:38:49.000Z","Unternehmenssteuerreform","1"
"438","Unternehmen und Arbeitnehmende entlasten. Senkung der EO-Sätze statt Verlängerung","FDP-Liberale","Karin Keller-Sutter","2015-06-04T15:08:53.000Z","Frankenstärke","1"
"439","Hinterfragen der Absatzförderung für Schweizer Fleisch auf Bundeskosten","GPS","Balthasar Glättli","2015-03-31T13:22:28.000Z","Frankenstärke","1"
"440","Mehrwertsteuerausfälle durch Einkaufstourismus","CVP","Kathy Riklin","2015-03-31T13:17:15.000Z","Frankenstärke","1"
"441","Frankenstärke und Medikamentenpreise. Wann profitieren die Prämienzahler vom Währungsvorteil?","SP","Prisca Birrer-Heimo","2015-03-31T14:17:42.000Z","Frankenstärke","1"
"442","Wie geht es weiter mit dem Unternehmensstandort Schweiz?","SVP","Thomas Hurter","2015-04-01T10:58:21.000Z","Unternehmenssteuerreform","1"
"443","Frankenstärke. BFI-Bereich stärken","FDP-Liberale","Christian Wasserfallen","2015-04-01T11:05:23.000Z","Frankenstärke","1"
"444","Frankenstärke. Lehrstellen in Gefahr","SP","Bea Heim","2015-04-01T11:05:36.000Z","Frankenstärke","1"
"445","Zurückhaltung bei der Übernahme von EU-Recht","FDP-Liberale","Petra Gössi","2015-04-01T11:23:53.000Z","Frankenstärke","1"
"446","Die Frankenstärke gefährdet Wald- und Holzwirtschaft","SVP","Max Binder","2015-04-01T11:22:05.000Z","Frankenstärke","1"
"447","Geldsegen für Aktionäre. Dringende Anpassung der Unternehmenssteuerreform II","SP","Barbara Gysi","2015-04-01T11:01:42.000Z","Unternehmenssteuerreform","1"
"448","Steuerausfälle 2014. Die Unternehmenssteuerreform II schlägt voll durch","SP","Margret Kiener Nellen","2015-04-01T11:01:54.000Z","Unternehmenssteuerreform","1"
"449","Opfer von Angriffen in den eigenen vier Wänden. Stärkung des Rechtes auf Notwehr","Lega","Lorenzo Quadri","2014-01-28T08:44:47.000Z","Zweitwohnungen","1"
"450","Standortförderung 2012-2015","SVP","Hansjörg Knecht","2014-06-20T10:05:15.000Z","Unternehmenssteuerreform","1"
"451","KMU-Nachfolge in der Schweiz","SVP","Toni Bortoluzzi","2014-06-20T09:30:35.000Z","Unternehmenssteuerreform","1"
"452","Einträgliche Kurse für Jungunternehmer und Steuergelder für Start-ups","SVP","Walter Wobmann","2014-07-03T09:48:23.000Z","Unternehmenssteuerreform","1"
"453","Annahme der Volksinitiative "gegen Masseneinwanderung". Wie weiter?","-","Thomas Minder","2014-03-06T08:10:07.000Z","Zweitwohnungen","1"
"454","Die Schweiz muss helfen, Steueroasen auszutrocknen","GPS","Louis Schelbert","2014-03-11T11:22:34.000Z","Unternehmenssteuerreform","1"
"455","Steuerelastizität und -sensibilität von Firmen mit besonderem Steuerstatus","FDP-Liberale","Kurt Fluri","2014-03-20T12:06:33.000Z","Unternehmenssteuerreform","1"
"456","Zweitwohnungen und Wohnungsnachfrage. Auswirkungen der Volksinitiative "gegen Masseneinwanderung"","FDP-Liberale","Hugues Hiltpold","2014-03-20T18:31:01.000Z","Zweitwohnungen","1"
"457","Internationale Akzeptanz für die Unternehmensbesteuerung. Abschaffung von Artikel 28 Absätze 2 bis 4 des Steuerharmonisierungsgesetzes","SP","Barbara Gysi","2014-03-25T15:11:29.000Z","Unternehmenssteuerreform","1"
"458","Doppelbesteuerungsabkommen mit Italien und schwarze Listen","FDP-Liberale","Giovanni Merlini","2014-05-06T12:16:28.000Z","Unternehmenssteuerreform","1"
"459","Verlustvortrag angemessen ausgestalten","SP","Susanne Leutenegger Oberholzer","2014-07-10T16:35:31.000Z","Unternehmenssteuerreform","1"
"460","Internetplattformen zum Austausch von Dienstleistungen, insbesondere in den Bereichen Unterkunft und Transport. Bericht über Konsequenzen und zu treffende Massnahmen","SP","Carlo Sommaruga","2014-07-03T10:51:35.000Z","Zweitwohnungen","1"
"461","Lex Weber. Abgeltungen","SVP","Oskar Freysinger","2014-10-21T10:20:34.000Z","Zweitwohnungen","1"
"462","NFA. Anpassung im Bereich der aggregierten Steuerbemessungsgrundlage","CVP","Gerhard Pfister","2014-09-25T11:45:52.000Z","Unternehmenssteuerreform","1"
"463","Tonnagesteuer. Eine steuerneutrale Notwendigkeit","CVP","Guillaume Barazzone","2014-09-29T14:46:41.000Z","Unternehmenssteuerreform","1"
"464","Reform der Unternehmensbesteuerung III. Vernehmlassungsvorlage","SVP","Thomas Aeschi","2014-09-29T14:23:38.000Z","Unternehmenssteuerreform","1"
"465","Fixierung der ordentlichen Ausgaben des Bundes auf 66 Milliarden Franken","SVP","Thomas Aeschi","2014-11-27T10:21:01.000Z","Unternehmenssteuerreform","1"
"466","Mehrwertsteuer. Verlängerung des Sondersatzes auf Beherbergungsleistungen","FDP-Liberale","Hans Hess","2014-12-04T09:58:20.000Z","Frankenstärke","1"
"467","KMU. Nachfolgeproblematik und Unternehmensübertragungen","FDP-Liberale","Christian Wasserfallen","2014-12-17T16:56:24.000Z","Unternehmenssteuerreform","1"
"468","Sparpotenzial einer öffentlichen Krankenkasse","SP","Margret Kiener Nellen","2014-06-17T14:52:18.000Z","KVG","1"
"469","Abstimmungspropaganda in Kundenmagazinen der Krankenversicherer","SP","Max Chopard-Acklin","2014-06-17T14:34:39.000Z","KVG","1"
"470","Illegale selektive Aufnahme von Versicherten durch grosse Krankenkassen","SP","Jean-François Steiert","2014-09-16T14:19:53.000Z","KVG","1"
"471","Datenschutzverletzungen durch Krankenkassen?","SP","Jacqueline Fehr","2014-09-16T15:08:32.000Z","KVG","1"
"472","Krankenversicherung. Wer anerkennt was, mit welchen Kompetenzen und nach welchen Kriterien?","SP","Stéphane Rossini","2014-10-29T11:54:26.000Z","KVG","1"
"473","Alle haben Anrecht auf medizinische Behandlung, unabhängig von ihrer finanziellen Situation","SP","Marina Carobbio Guscetti","2014-09-16T14:31:27.000Z","KVG","1"
"474","Krankenkassenprämien und Betreibungen","GPS","Francine John-Calame","2014-09-23T13:43:23.000Z","KVG","1"
"475","Allmächtige Krankenkasse im Modell Callmed","GPS","Francine John-Calame","2014-09-23T13:50:06.000Z","KVG","1"
"476","Hausarztmodell. Wie lange ist ein Überweisungsschein gültig?","GPS","Francine John-Calame","2014-09-23T13:55:55.000Z","KVG","1"
"477","Tarifstreit in der Physiotherapie. Handlungsbedarf aufgrund tarifloser Situation","SP","Barbara Gysi","2014-09-23T14:01:21.000Z","KVG","1"
"478","Verwaltungsaufwand der Krankenversicherungen","SP","Jacqueline Fehr","2014-09-23T13:45:07.000Z","KVG","1"
"479","Kanton Genf. Gesamtsumme der AHV-, IV- und Krankenversicherungsbeiträge sowie Gesamtsumme der von diesen Versicherungen von 2010 bis 2013 ausbezahlten Leistungen","MCR","Roger Golay","2014-12-02T16:06:47.000Z","KVG","1"
"480","Multiple Sklerose. Kosten von Dimethylfumarat im Vergleich zu Tecfidera","glp","Margrit Kessler","2014-12-02T16:16:18.000Z","KVG","1"
